Case ID,Activity,Timestamp,Group,Lifecycle
1002,ER Registration/ER Triage/Leucocytes/ER Sepsis Triage/Leucocytes/CRP/CRP/IV Liquid/CRP/IV Antibiotics/Admission NC/Admission NC/Release B,2013-03-30 00:00:00/2013-03-31 07:22:00/2013-04-01 19:59:00/2013-04-02 04:31:00/2013-04-03 06:22:00/2013-04-03 11:45:00/2013-04-05 01:27:00/2013-04-05 21:28:00/2013-04-07 16:23:00/2013-04-09 10:37:00/2013-04-10 11:19:00/2013-04-12 02:44:00/2013-04-12 15:52:00,A/C/B/A/B/B/B/A/B/A/G/N/E,complete/complete/complete/complete/complete/complete/complete/complete/complete/complete/complete/complete/complete
1004,ER Registration/ER Triage/LacticAcid/Leucocytes/CRP/ER Sepsis Triage/IV Liquid/IV Antibiotics/Admission NC/Admission NC/Leucocytes/CRP/Admission NC/Leucocytes/Leucocytes/CRP/Leucocytes/Leucocytes/CRP/Release A,2015-05-19 00:00:00/2015-05-20 23:08:00/2015-05-21 16:13:00/2015-05-22 23:25:00/2015-05-23 20:03:00/2015-05-24 09:39:00/2015-05-25 11:55:00/2015-05-26 20:55:00/2015-05-27 04:12:00/2015-05-27 20:24:00/2015-05-28 22:27:00/2015-05-30 13:30:00/2015-05-31 14:01:00/2015-06-02 05:16:00/2015-06-03 01:28:00/2015-06-05 01:13:00/2015-06-05 21:23:00/2015-06-05 22:53:00/2015-06-07 19:50:00/2015-06-08 22:52:00,A/C/B/B/B/A/A/A/F/I/B/B/N/B/B/B/B/B/B/E,complete/complete/complete/complete/complete/complete/complete/complete/complete/complete/complete/complete/complete/complete/complete/complete/complete/complete/complete/complete
1006,ER Registration/IV Liquid/ER Triage/ER Sepsis Triage/CRP/LacticAcid/Leucocytes/IV Antibiotics/Admission NC/Admission NC/Leucocytes/CRP/Admission NC/Release A,2014-12-09 00:00:00/2014-12-10 03:14:00/2014-12-10 12:10:00/2014-12-11 13:28:00/2014-12-13 00:38:00/2014-12-14 14:59:00/2014-12-14 22:14:00/2014-12-15 20:02:00/2014-12-16 12:33:00/2014-12-17 20:24:00/2014-12-18 04:46:00/2014-12-18 23:02:00/2014-12-20 05:44:00/2014-12-20 22:40:00,A/A/C/A/B/B/B/A/G/D/B/B/N/E,complete/complete/complete/complete/complete/complete/complete/complete/complete/complete/complete/complete/complete/complete
1007,ER Registration/ER Triage/ER Sepsis Triage/LacticAcid/CRP/Leucocytes/IV Liquid/IV Antibiotics/Admission NC/CRP/Leucocytes/Admission NC/Leucocytes/CRP/Leucocytes/CRP/Leucocytes/CRP/CRP/IV Antibiotics/Leucocytes/Release A/Return ER,2013-04-14 00:00:00/2013-04-15 21:44:00/2013-04-17 10:00:00/2013-04-18 01:25:00/2013-04-19 20:59:00/2013-04-20 12:53:00/2013-04-20 16:29:00/2013-04-20 23:20:00/2013-04-22 03:33:00/2013-04-23 02:06:00/2013-04-24 10:21:00/2013-04-24 17:13:00/2013-04-26 15:44:00/2013-04-27 01:08:00/2013-04-27 01:30:00/2013-04-28 15:05:00/2013-04-29 01:52:00/2013-04-30 05:39:00/2013-05-02 02:14:00/2013-05-03 10:43:00/2013-05-04 19:19:00/2013-05-06 15:44:00/2013-05-07 05:21:00,A/C/A/B/B/B/A/A/O/B/B/R/B/B/B/B/B/B/B/A/B/E/?,complete/complete/complete/complete/complete/complete/complete/complete/complete/complete/complete/complete/complete/complete/complete/complete/complete/complete/complete/complete/complete/complete/?
1008,ER Registration/ER Triage/ER Sepsis Triage/Leucocytes/IV Liquid/CRP/Admission NC/Leucocytes/IV Antibiotics/CRP/CRP/Leucocytes/CRP/Leucocytes/Leucocytes/CRP/CRP/Leucocytes/Release A/CRP/Return ER,2014-06-29 00:00:00/2014-06-29 09:43:00/2014-06-29 14:36:00/2014-06-29 18:41:00/2014-06-30 06:01:00/2014-07-01 03:01:00/2014-07-02 19:39:00/2014-07-04 10:31:00/2014-07-05 06:14:00/2014-07-06 12:13:00/2014-07-06 20:43:00/2014-07-08 04:43:00/2014-07-10 03:44:00/2014-07-11 00:30:00/2014-07-13 00:17:00/2014-07-14 03:46:00/2014-07-14 22:22:00/2014-07-16 08:32:00/2014-07-17 21:24:00/2014-07-19 10:00:00/2014-07-20 12:00:00,A/C/A/B/A/B/D/B/A/B/B/B/B/B/B/B/B/B/E/B/?,complete/complete/complete/complete/complete/complete/complete/complete/complete/complete/complete/complete/complete/complete/complete/complete/complete/complete/complete/complete/?
1009,ER Registration/ER Triage/ER Sepsis Triage/LacticAcid/CRP/Leucocytes/IV Liquid/IV Antibiotics/Admission NC/CRP/Leucocytes/Admission NC/Leucocytes/CRP/Leucocytes/CRP/Leucocytes/CRP/CRP/Leucocytes/Release A,2015-11-25 00:00:00/2015-11-25 13:03:00/2015-11-25 18:54:00/2015-11-26 11:23:00/2015-11-27 15:08:00/2015-11-29 00:30:00/2015-11-30 14:25:00/2015-12-01 06:50:00/2015-12-03 05:59:00/2015-12-04 14:30:00/2015-12-06 10:36:00/2015-12-07 20:07:00/2015-12-09 02:43:00/2015-12-09 03:54:00/2015-12-09 10:16:00/2015-12-10 06:22:00/2015-12-10 21:30:00/2015-12-12 01:07:00/2015-12-14 00:21:00/2015-12-14 16:58:00/2015-12-15 13:53:00,A/C/A/B/B/B/A/A/O/B/B/R/B/B/B/B/B/B/B/B/E,complete/complete/complete/complete/complete/complete/complete/complete/complete/complete/complete/complete/complete/complete/complete/complete/complete/complete/complete/complete/complete
1010,ER Registration/ER Triage/ER Sepsis Triage/CRP/LacticAcid/Leucocytes/IV Antibiotics/IV Liquid/Admission NC/Leucocytes/CRP/Release A/Return ER,2013-06-25 00:00:00/2013-06-26 09:11:00/2013-06-26 13:55:00/2013-06-28 02:17:00/2013-06-28 10:53:00/2013-06-28 19:39:00/2013-06-30 16:42:00/2013-07-02 01:09:00/2013-07-03 14:41:00/2013-07-04 01:58:00/2013-07-04 20:04:00/2013-07-06 08:06:00/2013-07-08 01:31:00,A/C/A/B/B/B/A/A/O/B/B/E/?,complete/complete/complete/complete/complete/complete/complete/complete/complete/complete/complete/complete/?
1011,ER Registration/ER Triage/ER Sepsis Triage/LacticAcid/CRP/Leucocytes/IV Antibiotics/Admission NC/IV Antibiotics/CRP/CRP/Admission NC/Leucocytes/Release A/Return ER,2015-11-22 00:00:00/2015-11-23 21:20:00/2015-11-25 16:33:00/2015-11-27 10:50:00/2015-11-28 09:43:00/2015-11-28 16:06:00/2015-11-29 08:09:00/2015-12-01 06:05:00/2015-12-02 03:17:00/2015-12-02 18:38:00/2015-12-03 08:14:00/2015-12-03 18:18:00/2015-12-03 19:59:00/2015-12-03 23:09:00/2015-12-04 15:52:00,A/C/A/B/B/B/A/O/A/B/B/K/B/E/?,complete/complete/complete/complete/complete/complete/complete/complete/complete/complete/complete/complete/complete/complete/?
1012,ER Registration/ER Triage/ER Sepsis Triage/CRP/LacticAcid/Leucocytes/IV Liquid/IV Antibiotics/Admission NC/CRP/Leucocytes/Admission NC/Release A/Return ER,2015-04-29 00:00:00/2015-04-30 19:00:00/2015-05-02 10:18:00/2015-05-02 23:35:00/2015-05-04 23:08:00/2015-05-06 01:21:00/2015-05-07 11:06:00/2015-05-08 14:23:00/2015-05-09 07:03:00/2015-05-09 17:08:00/2015-05-11 13:56:00/2015-05-13 12:53:00/2015-05-13 13:16:00/2015-05-13 20:33:00,A/C/A/B/B/B/A/A/G/B/B/O/E/?,complete/complete/complete/complete/complete/complete/complete/complete/complete/complete/complete/complete/complete/?
1013,ER Registration/ER Triage/ER Sepsis Triage/Leucocytes/LacticAcid/Leucocytes/CRP/CRP/CRP/Admission NC/CRP/Leucocytes/CRP/CRP/CRP/Release A,2013-07-07 00:00:00/2013-07-08 21:15:00/2013-07-09 11:44:00/2013-07-11 07:33:00/2013-07-13 03:13:00/2013-07-14 19:59:00/2013-07-14 21:27:00/2013-07-15 00:55:00/2013-07-15 23:42:00/2013-07-16 16:20:00/2013-07-17 00:56:00/2013-07-18 15:29:00/2013-07-19 05:30:00/2013-07-19 10:12:00/2013-07-21 00:03:00/2013-07-21 14:12:00,A/C/A/B/B/B/B/B/B/F/B/B/B/B/B/E,complete/complete/complete/complete/complete/complete/complete/complete/complete/complete/complete/complete/complete/complete/complete/complete
1014,ER Registration/ER Triage/ER Sepsis Triage/Leucocytes/CRP/Admission NC/LacticAcid/LacticAcid/IV Liquid/IV Antibiotics/Admission NC/Leucocytes/CRP/Admission NC/CRP/Leucocytes/CRP/Leucocytes/Release A/Return ER,2014-11-07 00:00:00/2014-11-08 21:45:00/2014-11-09 06:06:00/2014-11-10 10:09:00/2014-11-11 10:18:00/2014-11-13 07:44:00/2014-11-14 12:37:00/2014-11-14 16:08:00/2014-11-15 11:47:00/2014-11-17 04:47:00/2014-11-18 02:07:00/2014-11-19 02:08:00/2014-11-19 09:13:00/2014-11-21 00:41:00/2014-11-22 11:20:00/2014-11-23 01:52:00/2014-11-23 12:26:00/2014-11-25 09:16:00/2014-11-26 18:12:00/2014-11-27 09:31:00,A/C/A/B/B/Q/B/B/A/A/G/B/B/S/B/B/B/B/E/?,complete/complete/complete/complete/complete/complete/complete/complete/complete/complete/complete/complete/complete/complete/complete/complete/complete/complete/complete/?
1015,ER Registration/IV Liquid/ER Triage/ER Sepsis Triage/IV Liquid/Leucocytes/IV Liquid/CRP/Admission NC/LacticAcid/IV Antibiotics/IV Antibiotics/Admission NC/Leucocytes/CRP/Release A/Leucocytes/Return ER,2015-07-09 00:00:00/2015-07-09 15:59:00/2015-07-11 04:27:00/2015-07-11 20:47:00/2015-07-12 17:55:00/2015-07-14 01:57:00/2015-07-14 15:12:00/2015-07-15 16:19:00/2015-07-17 14:38:00/2015-07-19 05:35:00/2015-07-20 11:40:00/2015-07-21 19:12:00/2015-07-22 14:27:00/2015-07-23 16:32:00/2015-07-25 02:52:00/2015-07-26 14:53:00/2015-07-27 19:28:00/2015-07-28 06:32:00,A/A/C/A/A/B/A/B/M/B/A/A/Q/B/B/E/B/?,complete/complete/complete/complete/complete/complete/complete/complete/complete/complete/complete/complete/complete/complete/complete/complete/complete/?
1016,ER Registration/Leucocytes/IV Liquid/ER Triage/LacticAcid/ER Sepsis Triage/CRP/Leucocytes/IV Antibiotics/Admission NC/Leucocytes/CRP/Release A,2013-07-30 00:00:00/2013-07-31 11:14:00/2013-07-31 19:45:00/2013-08-01 15:13:00/2013-08-01 20:57:00/2013-08-02 07:54:00/2013-08-03 02:32:00/2013-08-04 09:13:00/2013-08-05 20:16:00/2013-08-06 06:20:00/2013-08-07 12:12:00/2013-08-07 18:28:00/2013-08-08 09:38:00,A/B/A/C/B/A/B/B/A/I/B/B/E,complete/complete/complete/complete/complete/complete/complete/complete/complete/complete/complete/complete/complete
1017,ER Registration/ER Triage/ER Sepsis Triage/IV Liquid/Leucocytes/CRP/LacticAcid/IV Antibiotics/Admission NC/CRP/Leucocytes/CRP/Leucocytes/Leucocytes/LacticAcid/Release A/Return ER,2013-01-06 00:00:00/2013-01-06 18:56:00/2013-01-07 04:49:00/2013-01-07 13:42:00/2013-01-09 02:35:00/2013-01-09 19:42:00/2013-01-10 07:37:00/2013-01-10 15:08:00/2013-01-12 12:16:00/2013-01-12 14:02:00/2013-01-12 23:02:00/2013-01-13 00:03:00/2013-01-14 00:31:00/2013-01-14 16:46:00/2013-01-16 08:58:00/2013-01-17 07:05:00/2013-01-17 08:10:00,A/C/A/A/B/B/B/A/N/B/B/B/B/B/B/E/?,complete/complete/complete/complete/complete/complete/complete/complete/complete/complete/complete/complete/complete/complete/complete/complete/?
1018,ER Registration/ER Triage/ER Sepsis Triage/Leucocytes/CRP/Admission NC/Leucocytes/CRP/CRP/Leucocytes/CRP/Leucocytes/Leucocytes/CRP/CRP/Leucocytes/Release A/Return ER,2013-06-23 00:00:00/2013-06-23 21:09:00/2013-06-25 11:19:00/2013-06-26 13:02:00/2013-06-28 08:58:00/2013-06-29 07:24:00/2013-06-29 16:08:00/2013-07-01 13:53:00/2013-07-03 13:52:00/2013-07-05 12:40:00/2013-07-07 00:37:00/2013-07-07 07:00:00/2013-07-09 03:07:00/2013-07-11 00:54:00/2013-07-12 05:49:00/2013-07-13 16:32:00/2013-07-14 17:15:00/2013-07-14 18:30:00,A/C/A/B/B/D/B/B/B/B/B/B/B/B/B/B/E/?,complete/complete/complete/complete/complete/complete/complete/complete/complete/complete/complete/complete/complete/complete/complete/complete/complete/?
1019,ER Registration/ER Triage/ER Sepsis Triage/LacticAcid/CRP/Leucocytes/IV Liquid/IV Antibiotics/Admission NC/Leucocytes/CRP/Leucocytes/CRP/Leucocytes/Release A/Return ER,2015-09-23 00:00:00/2015-09-23 13:07:00/2015-09-24 04:35:00/2015-09-24 13:59:00/2015-09-25 00:34:00/2015-09-25 05:51:00/2015-09-26 02:03:00/2015-09-26 08:58:00/2015-09-27 19:38:00/2015-09-29 08:29:00/2015-09-30 20:26:00/2015-09-30 23:01:00/2015-10-02 20:13:00/2015-10-03 19:13:00/2015-10-05 13:25:00/2015-10-05 22:22:00,A/C/A/B/B/B/A/A/I/B/B/B/B/B/E/?,complete/complete/complete/complete/complete/complete/complete/complete/complete/complete/complete/complete/complete/complete/complete/?
1020,ER Registration/ER Triage/LacticAcid/Leucocytes/CRP/ER Sepsis Triage/IV Liquid/IV Antibiotics/Admission NC/Admission NC/Leucocytes/CRP/Admission NC/Leucocytes/Leucocytes/CRP/Leucocytes/Leucocytes/CRP/Release A/Return ER,2015-11-14 00:00:00/2015-11-14 07:54:00/2015-11-15 10:12:00/2015-11-17 01:34:00/2015-11-17 14:33:00/2015-11-18 07:57:00/2015-11-18 10:59:00/2015-11-19 16:46:00/2015-11-19 16:53:00/2015-11-21 04:23:00/2015-11-22 17:09:00/2015-11-24 16:03:00/2015-11-26 13:50:00/2015-11-27 03:18:00/2015-11-28 04:10:00/2015-11-29 09:37:00/2015-11-29 14:24:00/2015-12-01 11:45:00/2015-12-02 10:18:00/2015-12-04 04:51:00/2015-12-05 02:17:00,A/C/B/B/B/A/A/A/F/I/B/B/N/B/B/B/B/B/B/E/?,complete/complete/complete/complete/complete/complete/complete/complete/complete/complete/complete/complete/complete/complete/complete/complete/complete/complete/complete/complete/?
1022,ER Registration/ER Triage/ER Sepsis Triage/LacticAcid/CRP/Leucocytes/IV Liquid/IV Antibiotics/Admission NC/CRP/Leucocytes/Admission NC/Leucocytes/CRP/Leucocytes/CRP/Leucocytes/CRP/CRP/Leucocytes/Release A,2015-04-14 00:00:00/2015-04-15 10:00:00/2015-04-16 08:00:00/2015-04-17 12:00:00/2015-04-18 14:00:00/2015-04-19 16:00:00/2015-04-20 18:00:00/2015-04-21 20:00:00/2015-04-22 22:00:00/2015-04-23 09:00:00/2015-04-24 11:00:00/2015-04-25 13:00:00/2015-04-26 15:00:00/2015-04-27 17:00:00/2015-04-28 19:00:00/2015-04-29 21:00:00/2015-04-30 23:00:00/2015-05-01 01:00:00/2015-05-02 03:00:00/2015-05-03 05:00:00/2015-05-04 07:00:00,A/C/A/B/B/B/A/A/O/B/B/R/B/B/B/B/B/B/B/B/E,complete/complete/complete/complete/complete/complete/complete/complete/complete/complete/complete/complete/complete/complete/complete/complete/complete/complete/complete/complete/complete
1023,ER Registration/ER Triage/ER Sepsis Triage/Leucocytes/CRP/Leucocytes/LacticAcid/LacticAcid/IV Liquid/IV Antibiotics/Admission NC/CRP/Leucocytes/CRP/Release A/Return ER,2013-09-12 00:00:00/2013-09-13 01:08:00/2013-09-14 06:58:00/2013-09-15 10:17:00/2013-09-16 16:19:00/2013-09-17 18:43:00/2013-09-18 17:52:00/2013-09-19 06:38:00/2013-09-20 16:31:00/2013-09-22 15:46:00/2013-09-24 01:44:00/2013-09-25 02:49:00/2013-09-26 14:16:00/2013-09-27 08:29:00/2013-09-27 14:08:00/2013-09-28 19:07:00,A/C/A/B/B/B/B/B/A/A/S/B/B/B/E/?,complete/complete/complete/complete/complete/complete/complete/complete/complete/complete/complete/complete/complete/complete/complete/?
1024,ER Registration/ER Triage/ER Sepsis Triage/CRP/LacticAcid/Leucocytes/IV Liquid/IV Antibiotics/Admission NC/CRP/Leucocytes/Admission NC/Release A/Return ER,2014-08-25 00:00:00/2014-08-25 21:56:00/2014-08-26 04:57:00/2014-08-26 10:25:00/2014-08-27 08:49:00/2014-08-29 05:57:00/2014-08-30 02:08:00/2014-08-30 23:04:00/2014-09-01 05:31:00/2014-09-02 22:40:00/2014-09-04 03:46:00/2014-09-04 15:09:00/2014-09-06 14:15:00/2014-09-07 20:34:00,A/C/A/B/B/B/A/A/G/B/B/O/E/?,complete/complete/complete/complete/complete/complete/complete/complete/complete/complete/complete/complete/complete/?
1025,ER Registration/ER Triage/CRP/Leucocytes/LacticAcid/ER Sepsis Triage/IV Liquid/IV Antibiotics/Admission NC/Leucocytes/Admission NC/Leucocytes/Leucocytes/Leucocytes/Leucocytes/Release A/Return ER,2015-06-10 00:00:00/2015-06-10 18:45:00/2015-06-12 14:25:00/2015-06-12 18:20:00/2015-06-12 23:28:00/2015-06-14 21:18:00/2015-06-16 16:50:00/2015-06-17 20:34:00/2015-06-18 21:23:00/2015-06-20 08:25:00/2015-06-22 06:48:00/2015-06-22 17:44:00/2015-06-22 19:52:00/2015-06-23 05:37:00/2015-06-24 23:06:00/2015-06-26 21:24:00/2015-06-28 03:19:00,A/C/B/B/B/A/A/A/I/B/I/B/B/B/B/E/?,complete/complete/complete/complete/complete/complete/complete/complete/complete/complete/complete/complete/complete/complete/complete/complete/?
1026,ER Registration/ER Triage/ER Sepsis Triage/Leucocytes/CRP/Admission NC/Leucocytes/CRP/Leucocytes/CRP/Leucocytes/CRP/Leucocytes/Leucocytes/CRP/CRP/Leucocytes/Release A/CRP/Return ER,2013-06-03 00:00:00/2013-06-03 10:42:00/2013-06-03 10:53:00/2013-06-04 14:47:00/2013-06-05 21:33:00/2013-06-07 20:37:00/2013-06-09 13:10:00/2013-06-10 21:15:00/2013-06-11 17:08:00/2013-06-11 19:22:00/2013-06-12 11:11:00/2013-06-13 06:52:00/2013-06-14 02:11:00/2013-06-16 02:11:00/2013-06-17 09:11:00/2013-06-17 14:03:00/2013-06-19 12:59:00/2013-06-20 04:56:00/2013-06-21 15:00:00/2013-06-22 10:00:00,A/C/A/B/B/D/B/B/B/B/B/B/B/B/B/B/B/E/B/?,complete/complete/complete/complete/complete/complete/complete/complete/complete/complete/complete/complete/complete/complete/complete/complete/complete/complete/complete/?
1027,ER Registration/IV Liquid/ER Triage/ER Sepsis Triage/CRP/LacticAcid/Leucocytes/IV Antibiotics/Admission NC/Admission NC/Leucocytes/CRP/Admission NC/Release A/IV Antibiotics/Return ER,2014-06-26 00:00:00/2014-06-27 17:39:00/2014-06-29 02:43:00/2014-06-29 15:51:00/2014-06-30 08:41:00/2014-07-01 03:44:00/2014-07-02 17:50:00/2014-07-03 14:13:00/2014-07-04 05:35:00/2014-07-05 01:55:00/2014-07-05 21:39:00/2014-07-06 11:49:00/2014-07-08 10:57:00/2014-07-09 20:20:00/2014-07-11 08:00:00/2014-07-12 14:00:00,A/A/C/A/B/B/B/A/G/D/B/B/N/E/A/?,complete/complete/complete/complete/complete/complete/complete/complete/complete/complete/complete/complete/complete/complete/complete/?
1028,ER Registration/ER Triage/LacticAcid/ER Sepsis Triage/Leucocytes/CRP/LacticAcid/IV Antibiotics/Leucocytes/IV Liquid/IV Antibiotics/Admission NC/IV Antibiotics/CRP/Release A/Return ER,2015-03-20 00:00:00/2015-03-20 23:34:00/2015-03-21 09:34:00/2015-03-22 05:24:00/2015-03-22 08:17:00/2015-03-23 03:56:00/2015-03-23 09:20:00/2015-03-24 08:59:00/2015-03-25 15:11:00/2015-03-27 11:58:00/2015-03-28 05:29:00/2015-03-29 14:12:00/2015-03-30 04:49:00/2015-03-30 18:37:00/2015-04-01 07:24:00/2015-04-02 01:55:00,A/C/B/A/B/B/B/A/B/A/A/F/A/B/E/?,complete/complete/complete/complete/complete/complete/complete/complete/complete/complete/complete/complete/complete/complete/complete/?
1031,ER Registration/Leucocytes/ER Triage/Leucocytes/ER Sepsis Triage/CRP/LacticAcid/IV Liquid/Leucocytes/IV Antibiotics/Admission NC/Leucocytes/CRP/Leucocytes/Release A/Return ER,2014-04-28 00:00:00/2014-04-29 06:30:00/2014-04-30 00:44:00/2014-04-30 23:15:00/2014-05-01 19:52:00/2014-05-03 11:38:00/2014-05-05 02:45:00/2014-05-05 03:32:00/2014-05-05 21:24:00/2014-05-07 18:02:00/2014-05-08 18:35:00/2014-05-10 17:53:00/2014-05-11 10:01:00/2014-05-11 14:16:00/2014-05-13 11:52:00/2014-05-13 19:57:00,A/B/C/B/A/B/B/A/B/A/M/B/B/B/E/?,complete/complete/complete/complete/complete/complete/complete/complete/complete/complete/complete/complete/complete/complete/complete/?
1032,ER Registration/ER Triage/ER Sepsis Triage/LacticAcid/CRP/Leucocytes/Leucocytes/IV Liquid/IV Antibiotics/IV Antibiotics/Admission NC/Leucocytes/CRP/CRP/LacticAcid/Leucocytes/Admission NC/CRP/Leucocytes/Release A,2015-07-21 00:00:00/2015-07-22 17:22:00/2015-07-23 18:53:00/2015-07-24 23:17:00/2015-07-26 23:13:00/2015-07-28 12:43:00/2015-07-29 20:52:00/2015-07-31 09:34:00/2015-08-02 06:55:00/2015-08-02 21:50:00/2015-08-03 14:44:00/2015-08-05 13:11:00/2015-08-07 05:52:00/2015-08-07 11:28:00/2015-08-08 23:21:00/2015-08-10 05:51:00/2015-08-11 17:55:00/2015-08-12 18:37:00/2015-08-12 23:57:00/2015-08-14 14:28:00,A/C/A/B/B/B/B/A/A/A/I/B/B/B/B/B/O/B/B/E,complete/complete/complete/complete/complete/complete/complete/complete/complete/complete/complete/complete/complete/complete/complete/complete/complete/complete/complete/complete
1033,ER Registration/ER Triage/ER Sepsis Triage/Leucocytes/CRP/Admission NC/Leucocytes/CRP/Leucocytes/CRP/Leucocytes/CRP/Leucocytes/Leucocytes/CRP/CRP/Leucocytes/Release A,2013-06-03 00:00:00/2013-06-03 10:42:00/2013-06-03 10:53:00/2013-06-04 14:47:00/2013-06-05 21:33:00/2013-06-07 20:37:00/2013-06-09 13:10:00/2013-06-10 21:15:00/2013-06-11 17:08:00/2013-06-11 19:22:00/2013-06-12 11:11:00/2013-06-13 06:52:00/2013-06-14 02:11:00/2013-06-16 02:11:00/2013-06-17 09:11:00/2013-06-17 14:03:00/2013-06-19 12:59:00/2013-06-20 04:56:00,A/C/A/B/B/D/B/B/B/B/B/B/B/B/B/B/B/E,complete/complete/complete/complete/complete/complete/complete/complete/complete/complete/complete/complete/complete/complete/complete/complete/complete/complete
1034,ER Registration/ER Triage/ER Sepsis Triage/CRP/LacticAcid/Leucocytes/IV Antibiotics/IV Liquid/Admission NC/Leucocytes/CRP/Release A/Return ER,2013-07-21 00:00:00/2013-07-22 19:16:00/2013-07-23 02:08:00/2013-07-24 08:26:00/2013-07-24 19:48:00/2013-07-26 19:11:00/2013-07-27 15:38:00/2013-07-27 17:37:00/2013-07-27 20:46:00/2013-07-28 18:55:00/2013-07-28 22:45:00/2013-07-29 18:47:00/2013-07-30 19:16:00,A/C/A/B/B/B/A/A/O/B/B/E/?,complete/complete/complete/complete/complete/complete/complete/complete/complete/complete/complete/complete/?
1035,ER Registration/ER Triage/Leucocytes/ER Sepsis Triage/Leucocytes/IV Liquid/Leucocytes/CRP/LacticAcid/IV Antibiotics/Admission NC/Leucocytes/CRP/IV Antibiotics/IV Antibiotics/Release A/Return ER,2014-05-09 00:00:00/2014-05-10 09:59:00/2014-05-12 01:48:00/2014-05-12 11:35:00/2014-05-13 03:27:00/2014-05-14 10:56:00/2014-05-16 06:29:00/2014-05-16 23:50:00/2014-05-18 07:13:00/2014-05-19 00:39:00/2014-05-20 22:11:00/2014-05-20 22:50:00/2014-05-22 06:36:00/2014-05-23 02:15:00/2014-05-25 00:31:00/2014-05-26 13:50:00/2014-05-27 00:38:00,A/C/B/A/B/A/B/B/B/A/Q/B/B/A/A/E/?,complete/complete/complete/complete/complete/complete/complete/complete/complete/complete/complete/complete/complete/complete/complete/complete/?
1036,ER Registration/ER Triage/ER Sepsis Triage/LacticAcid/Leucocytes/CRP/Admission NC/CRP/Leucocytes/CRP/Leucocytes/Leucocytes/CRP/Release A,2013-03-22 00:00:00/2013-03-22 21:06:00/2013-03-24 03:12:00/2013-03-24 05:29:00/2013-03-25 21:03:00/2013-03-26 21:58:00/2013-03-27 06:57:00/2013-03-27 13:07:00/2013-03-28 09:16:00/2013-03-29 07:35:00/2013-03-30 11:57:00/2013-03-30 23:57:00/2013-03-31 13:40:00/2013-03-31 22:42:00,A/C/A/B/B/B/T/B/B/B/B/B/B/E,complete/complete/complete/complete/complete/complete/complete/complete/complete/complete/complete/complete/complete/complete
1037,ER Registration/IV Liquid/ER Triage/ER Sepsis Triage/CRP/Leucocytes/LacticAcid/IV Antibiotics/Admission NC/LacticAcid/Leucocytes/CRP/Release A,2014-06-11 00:00:00/2014-06-12 08:54:00/2014-06-13 05:03:00/2014-06-14 04:11:00/2014-06-14 12:03:00/2014-06-15 20:02:00/2014-06-16 01:11:00/2014-06-16 10:48:00/2014-06-17 02:13:00/2014-06-19 00:24:00/2014-06-20 22:27:00/2014-06-22 01:35:00/2014-06-23 15:38:00,A/A/C/A/B/B/B/A/I/B/B/B/E,complete/complete/complete/complete/complete/complete/complete/complete/complete/complete/complete/complete/complete
1038,ER Registration/ER Triage/ER Sepsis Triage/LacticAcid/CRP/Leucocytes/Admission NC/IV Liquid/IV Antibiotics/Admission NC/CRP/Leucocytes/Admission NC/Leucocytes/CRP/Leucocytes/CRP/Leucocytes/CRP/CRP/Leucocytes/Release A/Return ER,2013-01-29 00:00:00/2013-01-30 13:43:00/2013-01-31 17:35:00/2013-01-31 23:57:00/2013-02-01 15:18:00/2013-02-01 23:03:00/2013-02-03 06:34:00/2013-02-03 14:36:00/2013-02-05 10:50:00/2013-02-05 21:21:00/2013-02-07 07:23:00/2013-02-08 03:19:00/2013-02-09 14:04:00/2013-02-10 08:44:00/2013-02-11 13:06:00/2013-02-12 22:03:00/2013-02-14 06:18:00/2013-02-14 22:57:00/2013-02-16 06:08:00/2013-02-17 19:46:00/2013-02-18 05:39:00/2013-02-19 07:51:00/2013-02-19 20:52:00,A/C/A/B/B/B/M/A/A/O/B/B/R/B/B/B/B/B/B/B/B/E/?,complete/complete/complete/complete/complete/complete/complete/complete/complete/complete/complete/complete/complete/complete/complete/complete/complete/complete/complete/complete/complete/complete/?
1039,ER Registration/ER Triage/ER Sepsis Triage/LacticAcid/CRP/CRP/LacticAcid/Leucocytes/IV Antibiotics/Admission NC/Leucocytes/CRP/Release A,2014-11-28 00:00:00/2014-11-29 10:40:00/2014-11-30 04:55:00/2014-11-30 05:06:00/2014-12-01 00:25:00/2014-12-01 20:48:00/2014-12-03 12:53:00/2014-12-05 04:29:00/2014-12-07 01:33:00/2014-12-08 10:59:00/2014-12-08 21:08:00/2014-12-10 03:38:00/2014-12-11 16:25:00,A/C/A/B/B/B/B/B/A/M/B/B/E,complete/complete/complete/complete/complete/complete/complete/complete/complete/complete/complete/complete/complete
1040,ER Registration/ER Triage/ER Sepsis Triage/IV Liquid/LacticAcid/CRP/Leucocytes/IV Antibiotics/Leucocytes/IV Antibiotics/Admission NC/Leucocytes/IV Liquid/IV Antibiotics/Leucocytes/CRP/Leucocytes/CRP/Leucocytes/CRP/Release A/Return ER,2015-08-27 00:00:00/2015-08-28 02:02:00/2015-08-29 04:24:00/2015-08-31 01:43:00/2015-09-01 22:14:00/2015-09-02 08:38:00/2015-09-03 18:27:00/2015-09-03 20:59:00/2015-09-04 05:37:00/2015-09-05 15:55:00/2015-09-07 08:13:00/2015-09-08 06:53:00/2015-09-08 13:45:00/2015-09-09 19:49:00/2015-09-10 02:38:00/2015-09-11 14:33:00/2015-09-12 21:45:00/2015-09-12 22:48:00/2015-09-13 08:39:00/2015-09-14 12:39:00/2015-09-16 09:21:00/2015-09-16 19:54:00,A/C/A/A/B/B/B/A/B/A/M/B/A/A/B/B/B/B/B/B/E/?,complete/complete/complete/complete/complete/complete/complete/complete/complete/complete/complete/complete/complete/complete/complete/complete/complete/complete/complete/complete/complete/?
1041,ER Registration/ER Triage/ER Sepsis Triage/LacticAcid/CRP/Leucocytes/IV Liquid/IV Antibiotics/Admission NC/Leucocytes/CRP/Leucocytes/CRP/Leucocytes/Release A/CRP/Return ER,2015-04-01 00:00:00/2015-04-01 04:46:00/2015-04-01 14:28:00/2015-04-03 09:42:00/2015-04-03 11:48:00/2015-04-03 18:04:00/2015-04-05 06:17:00/2015-04-05 20:59:00/2015-04-06 22:40:00/2015-04-08 03:20:00/2015-04-09 10:19:00/2015-04-10 09:36:00/2015-04-10 20:21:00/2015-04-11 21:37:00/2015-04-12 18:54:00/2015-04-14 08:00:00/2015-04-15 12:00:00,A/C/A/B/B/B/A/A/I/B/B/B/B/B/E/B/?,complete/complete/complete/complete/complete/complete/complete/complete/complete/complete/complete/complete/complete/complete/complete/complete/?
1042,ER Registration/ER Triage/Leucocytes/CRP/IV Antibiotics/Leucocytes/CRP/LacticAcid/ER Sepsis Triage/Admission NC/IV Liquid/IV Antibiotics/Admission NC/Leucocytes/IV Liquid/Leucocytes/Leucocytes/CRP/CRP/Leucocytes/Leucocytes/CRP/Release B,2015-06-25 00:00:00/2015-06-26 04:17:00/2015-06-26 22:56:00/2015-06-27 13:39:00/2015-06-29 00:38:00/2015-06-29 08:25:00/2015-06-30 07:59:00/2015-07-01 13:20:00/2015-07-01 20:55:00/2015-07-02 16:16:00/2015-07-04 14:34:00/2015-07-06 12:54:00/2015-07-08 05:24:00/2015-07-09 14:38:00/2015-07-11 02:37:00/2015-07-13 00:10:00/2015-07-13 21:14:00/2015-07-14 00:21:00/2015-07-14 15:25:00/2015-07-15 18:24:00/2015-07-17 11:19:00/2015-07-17 15:04:00/2015-07-17 15:36:00,A/C/B/B/A/B/B/B/A/H/A/A/F/B/A/B/B/B/B/B/B/B/E,complete/complete/complete/complete/complete/complete/complete/complete/complete/complete/complete/complete/complete/complete/complete/complete/complete/complete/complete/complete/complete/complete/complete
1043,ER Registration/ER Triage/ER Sepsis Triage/Admission NC/Leucocytes/Leucocytes/CRP/Leucocytes/Leucocytes/Leucocytes/CRP/IV Liquid/IV Antibiotics/IV Antibiotics/Admission NC/Admission NC/Release B,2014-12-27 00:00:00/2014-12-27 04:56:00/2014-12-28 08:03:00/2014-12-28 10:57:00/2014-12-29 16:44:00/2014-12-29 18:01:00/2014-12-31 01:25:00/2014-12-31 06:44:00/2015-01-01 04:07:00/2015-01-02 19:26:00/2015-01-04 00:45:00/2015-01-05 15:54:00/2015-01-06 19:31:00/2015-01-08 15:14:00/2015-01-09 19:45:00/2015-01-10 15:31:00/2015-01-10 23:23:00,A/C/A/S/B/B/B/B/B/B/B/A/A/A/G/N/E,complete/complete/complete/complete/complete/complete/complete/complete/complete/complete/complete/complete/complete/complete/complete/complete/complete
1044,ER Registration/ER Triage/ER Sepsis Triage/Admission NC/IV Liquid/Leucocytes/LacticAcid/CRP/IV Liquid/IV Antibiotics/Admission NC/Leucocytes/CRP/LacticAcid/Admission NC/IV Liquid/CRP/Leucocytes/Leucocytes/Release A/Return ER,2015-04-01 00:00:00/2015-04-02 11:47:00/2015-04-02 17:10:00/2015-04-03 20:12:00/2015-04-04 17:23:00/2015-04-05 16:34:00/2015-04-06 07:42:00/2015-04-07 06:27:00/2015-04-07 17:56:00/2015-04-07 23:09:00/2015-04-09 10:00:00/2015-04-11 05:14:00/2015-04-11 13:02:00/2015-04-13 01:16:00/2015-04-14 12:05:00/2015-04-15 01:20:00/2015-04-16 01:12:00/2015-04-17 01:11:00/2015-04-18 21:15:00/2015-04-19 07:20:00/2015-04-19 23:28:00,A/C/A/Q/A/B/B/B/A/A/K/B/B/B/M/A/B/B/B/E/?,complete/complete/complete/complete/complete/complete/complete/complete/complete/complete/complete/complete/complete/complete/complete/complete/complete/complete/complete/complete/?
1045,ER Registration/ER Triage/LacticAcid/CRP/LacticAcid/ER Sepsis Triage/Leucocytes/CRP/CRP/Admission NC/Leucocytes/CRP/Release A,2014-10-24 00:00:00/2014-10-25 18:50:00/2014-10-26 16:25:00/2014-10-27 02:44:00/2014-10-28 08:46:00/2014-10-28 13:26:00/2014-10-29 21:27:00/2014-10-31 03:39:00/2014-11-01 22:46:00/2014-11-02 19:27:00/2014-11-03 14:13:00/2014-11-05 06:36:00/2014-11-05 10:27:00,A/C/B/B/B/A/B/B/B/F/B/B/E,complete/complete/complete/complete/complete/complete/complete/complete/complete/complete/complete/complete/complete
1046,ER Registration/ER Triage/CRP/LacticAcid/Leucocytes/CRP/ER Sepsis Triage/IV Liquid/IV Antibiotics/Admission NC/LacticAcid/Admission NC/Leucocytes/CRP/Admission NC/Leucocytes/Leucocytes/IV Liquid/CRP/Leucocytes/Leucocytes/CRP/Release A/Return ER,2013-07-04 00:00:00/2013-07-05 18:00:00/2013-07-07 10:34:00/2013-07-08 21:11:00/2013-07-09 23:26:00/2013-07-11 07:02:00/2013-07-12 22:40:00/2013-07-14 12:31:00/2013-07-14 15:20:00/2013-07-15 22:03:00/2013-07-17 13:05:00/2013-07-19 09:35:00/2013-07-19 22:27:00/2013-07-20 20:24:00/2013-07-22 13:43:00/2013-07-23 22:12:00/2013-07-25 08:26:00/2013-07-25 18:44:00/2013-07-25 22:58:00/2013-07-27 05:44:00/2013-07-27 12:48:00/2013-07-28 12:15:00/2013-07-28 18:01:00/2013-07-30 04:28:00,A/C/B/B/B/B/A/A/A/F/B/I/B/B/N/B/B/A/B/B/B/B/E/?,complete/complete/complete/complete/complete/complete/complete/complete/complete/complete/complete/complete/complete/complete/complete/complete/complete/complete/complete/complete/complete/complete/complete/?
1047,ER Registration/ER Triage/CRP/Leucocytes/LacticAcid/ER Sepsis Triage/IV Liquid/IV Liquid/IV Antibiotics/Admission NC/Leucocytes/IV Liquid/Admission NC/LacticAcid/LacticAcid/Leucocytes/Leucocytes/Leucocytes/Leucocytes/Release A/Return ER,2013-04-18 00:00:00/2013-04-19 19:05:00/2013-04-21 15:17:00/2013-04-22 14:08:00/2013-04-22 18:38:00/2013-04-23 17:09:00/2013-04-23 23:37:00/2013-04-25 13:43:00/2013-04-27 12:02:00/2013-04-28 14:26:00/2013-04-29 09:50:00/2013-04-30 03:03:00/2013-05-01 23:53:00/2013-05-03 17:02:00/2013-05-04 03:18:00/2013-05-05 02:04:00/2013-05-05 07:38:00/2013-05-06 23:25:00/2013-05-08 20:44:00/2013-05-09 06:24:00/2013-05-10 06:17:00,A/C/B/B/B/A/A/A/A/I/B/A/I/B/B/B/B/B/B/E/?,complete/complete/complete/complete/complete/complete/complete/complete/complete/complete/complete/complete/complete/complete/complete/complete/complete/complete/complete/complete/?
1048,ER Registration/ER Triage/LacticAcid/Leucocytes/CRP/ER Sepsis Triage/IV Liquid/IV Antibiotics/Admission NC/Admission NC/Leucocytes/CRP/Admission NC/Leucocytes/Leucocytes/CRP/Leucocytes/Leucocytes/CRP/Release A/Return ER,2014-07-25 00:00:00/2014-07-26 15:12:00/2014-07-27 06:39:00/2014-07-28 11:57:00/2014-07-30 02:15:00/2014-07-31 20:42:00/2014-08-02 14:36:00/2014-08-04 12:41:00/2014-08-06 08:34:00/2014-08-07 22:35:00/2014-08-08 00:23:00/2014-08-09 17:58:00/2014-08-11 14:53:00/2014-08-13 14:14:00/2014-08-14 08:30:00/2014-08-14 10:29:00/2014-08-14 22:48:00/2014-08-15 17:28:00/2014-08-17 17:27:00/2014-08-18 14:33:00/2014-08-19 13:45:00,A/C/B/B/B/A/A/A/F/I/B/B/N/B/B/B/B/B/B/E/?,complete/complete/complete/complete/complete/complete/complete/complete/complete/complete/complete/complete/complete/complete/complete/complete/complete/complete/complete/complete/?
1049,ER Registration/ER Triage/ER Sepsis Triage/LacticAcid/CRP/Leucocytes/IV Liquid/IV Antibiotics/Admission NC/Leucocytes/CRP/Leucocytes/CRP/Leucocytes/Release A,2015-04-01 00:00:00/2015-04-01 04:46:00/2015-04-01 14:28:00/2015-04-03 09:42:00/2015-04-03 11:48:00/2015-04-03 18:04:00/2015-04-05 06:17:00/2015-04-05 20:59:00/2015-04-06 22:40:00/2015-04-08 03:20:00/2015-04-09 10:19:00/2015-04-10 09:36:00/2015-04-10 20:21:00/2015-04-11 21:37:00/2015-04-12 18:54:00,A/C/A/B/B/B/A/A/I/B/B/B/B/B/E,complete/complete/complete/complete/complete/complete/complete/complete/complete/complete/complete/complete/complete/complete/complete
1050,ER Registration/ER Triage/ER Sepsis Triage/LacticAcid/CRP/Leucocytes/Admission NC/CRP/Leucocytes/CRP/Leucocytes/Leucocytes/CRP/Release A,2013-03-22 00:00:00/2013-03-22 21:06:00/2013-03-24 03:12:00/2013-03-24 05:29:00/2013-03-25 21:03:00/2013-03-26 21:58:00/2013-03-27 06:57:00/2013-03-27 13:07:00/2013-03-28 09:16:00/2013-03-29 07:35:00/2013-03-30 11:57:00/2013-03-30 23:57:00/2013-03-31 13:40:00/2013-03-31 22:42:00,A/C/A/B/B/B/T/B/B/B/B/B/B/E,complete/complete/complete/complete/complete/complete/complete/complete/complete/complete/complete/complete/complete/complete
1051,ER Registration/ER Triage/ER Sepsis Triage/LacticAcid/CRP/Leucocytes/IV Liquid/IV Antibiotics/Admission NC/IV Antibiotics/Leucocytes/CRP/Release A/IV Antibiotics/Return ER,2014-08-14 00:00:00/2014-08-14 16:14:00/2014-08-15 12:48:00/2014-08-15 21:08:00/2014-08-16 00:24:00/2014-08-16 16:41:00/2014-08-17 21:21:00/2014-08-19 16:59:00/2014-08-21 11:31:00/2014-08-22 18:44:00/2014-08-22 23:02:00/2014-08-23 06:37:00/2014-08-24 16:45:00/2014-08-26 09:30:00/2014-08-27 22:06:00,A/C/A/B/B/B/A/A/F/A/B/B/E/A/?,complete/complete/complete/complete/complete/complete/complete/complete/complete/complete/complete/complete/complete/complete/?
1052,ER Registration/ER Triage/ER Sepsis Triage/LacticAcid/CRP/LacticAcid/IV Antibiotics/LacticAcid/Leucocytes/IV Antibiotics/Admission NC/Leucocytes/CRP/Release A/Return ER,2015-05-04 00:00:00/2015-05-04 12:48:00/2015-05-06 10:10:00/2015-05-08 07:48:00/2015-05-08 13:39:00/2015-05-10 01:24:00/2015-05-11 02:02:00/2015-05-11 06:40:00/2015-05-12 18:35:00/2015-05-14 07:44:00/2015-05-15 18:23:00/2015-05-17 05:03:00/2015-05-18 18:53:00/2015-05-18 20:17:00/2015-05-19 22:57:00,A/C/A/B/B/B/A/B/B/A/M/B/B/E/?,complete/complete/complete/complete/complete/complete/complete/complete/complete/complete/complete/complete/complete/complete/?
1053,ER Registration/ER Triage/CRP/Leucocytes/LacticAcid/ER Sepsis Triage/IV Liquid/IV Antibiotics/Admission NC/Leucocytes/Admission NC/Leucocytes/Leucocytes/Leucocytes/Leucocytes/Release A/Return ER,2014-06-04 00:00:00/2014-06-04 01:07:00/2014-06-05 01:30:00/2014-06-05 06:07:00/2014-06-06 05:40:00/2014-06-06 22:08:00/2014-06-08 19:00:00/2014-06-10 13:54:00/2014-06-10 20:59:00/2014-06-12 12:43:00/2014-06-13 11:25:00/2014-06-13 20:32:00/2014-06-13 23:34:00/2014-06-14 23:38:00/2014-06-16 12:55:00/2014-06-17 12:02:00/2014-06-19 07:55:00,A/C/B/B/B/A/A/A/I/B/I/B/B/B/B/E/?,complete/complete/complete/complete/complete/complete/complete/complete/complete/complete/complete/complete/complete/complete/complete/complete/?
1054,ER Registration/ER Triage/ER Sepsis Triage/LacticAcid/Leucocytes/CRP/IV Liquid/IV Antibiotics/Admission NC/CRP/CRP/Leucocytes/CRP/Leucocytes/Release A/Return ER,2015-09-08 00:00:00/2015-09-09 19:08:00/2015-09-10 07:35:00/2015-09-10 16:48:00/2015-09-10 21:07:00/2015-09-12 04:22:00/2015-09-12 06:54:00/2015-09-13 02:56:00/2015-09-13 16:42:00/2015-09-13 19:42:00/2015-09-14 09:20:00/2015-09-14 12:12:00/2015-09-15 09:45:00/2015-09-16 06:56:00/2015-09-17 18:08:00/2015-09-18 21:20:00,A/C/A/B/B/B/A/A/O/B/B/B/B/B/E/?,complete/complete/complete/complete/complete/complete/complete/complete/complete/complete/complete/complete/complete/complete/complete/?
1055,ER Registration/ER Triage/ER Sepsis Triage/Leucocytes/CRP/Leucocytes/LacticAcid/LacticAcid/IV Liquid/IV Antibiotics/Admission NC/CRP/Leucocytes/CRP/Release A/Return ER,2013-09-12 00:00:00/2013-09-13 01:08:00/2013-09-14 06:58:00/2013-09-15 10:17:00/2013-09-16 16:19:00/2013-09-17 18:43:00/2013-09-18 17:52:00/2013-09-19 06:38:00/2013-09-20 16:31:00/2013-09-22 15:46:00/2013-09-24 01:44:00/2013-09-25 02:49:00/2013-09-26 14:16:00/2013-09-27 08:29:00/2013-09-27 14:08:00/2013-09-28 19:07:00,A/C/A/B/B/B/B/B/A/A/S/B/B/B/E/?,complete/complete/complete/complete/complete/complete/complete/complete/complete/complete/complete/complete/complete/complete/complete/?
1056,ER Registration/ER Triage/ER Sepsis Triage/CRP/LacticAcid/Leucocytes/IV Liquid/IV Antibiotics/Admission NC/CRP/Leucocytes/Admission NC/Release A/Return ER,2014-08-25 00:00:00/2014-08-25 21:56:00/2014-08-26 04:57:00/2014-08-26 10:25:00/2014-08-27 08:49:00/2014-08-29 05:57:00/2014-08-30 02:08:00/2014-08-30 23:04:00/2014-09-01 05:31:00/2014-09-02 22:40:00/2014-09-04 03:46:00/2014-09-04 15:09:00/2014-09-06 14:15:00/2014-09-07 20:34:00,A/C/A/B/B/B/A/A/G/B/B/O/E/?,complete/complete/complete/complete/complete/complete/complete/complete/complete/complete/complete/complete/complete/?
1057,ER Registration/ER Triage/IV Antibiotics/ER Sepsis Triage/Leucocytes/IV Antibiotics/CRP/LacticAcid/LacticAcid/IV Liquid/IV Antibiotics/Admission NC/Leucocytes/CRP/Admission NC/LacticAcid/CRP/Leucocytes/CRP/Leucocytes/Release A/Return ER,2015-01-30 00:00:00/2015-01-31 01:24:00/2015-02-01 07:43:00/2015-02-01 12:58:00/2015-02-03 04:09:00/2015-02-03 13:33:00/2015-02-05 01:42:00/2015-02-06 02:46:00/2015-02-07 05:57:00/2015-02-08 03:25:00/2015-02-09 23:46:00/2015-02-10 18:48:00/2015-02-11 11:51:00/2015-02-11 19:36:00/2015-02-11 21:23:00/2015-02-12 10:06:00/2015-02-13 20:11:00/2015-02-15 07:32:00/2015-02-16 09:58:00/2015-02-18 00:19:00/2015-02-18 08:22:00/2015-02-19 02:15:00,A/C/A/A/B/A/B/B/B/A/A/G/B/B/S/B/B/B/B/B/E/?,complete/complete/complete/complete/complete/complete/complete/complete/complete/complete/complete/complete/complete/complete/complete/complete/complete/complete/complete/complete/complete/?
1058,ER Registration/ER Triage/ER Sepsis Triage/Admission NC/Leucocytes/LacticAcid/Leucocytes/IV Liquid/CRP/Leucocytes/IV Liquid/IV Antibiotics/Admission NC/CRP/Leucocytes/Admission NC/Leucocytes/CRP/Leucocytes/CRP/LacticAcid/Leucocytes/CRP/CRP/Leucocytes/Release A,2014-10-17 00:00:00/2014-10-18 21:36:00/2014-10-19 21:20:00/2014-10-20 01:46:00/2014-10-21 15:19:00/2014-10-23 04:20:00/2014-10-24 00:10:00/2014-10-24 20:39:00/2014-10-25 07:25:00/2014-10-27 07:14:00/2014-10-29 02:47:00/2014-10-29 14:41:00/2014-10-30 15:22:00/2014-11-01 02:06:00/2014-11-01 17:25:00/2014-11-02 01:43:00/2014-11-02 15:27:00/2014-11-03 00:56:00/2014-11-03 17:06:00/2014-11-05 02:50:00/2014-11-05 04:38:00/2014-11-06 05:17:00/2014-11-07 19:07:00/2014-11-09 10:12:00/2014-11-10 11:24:00/2014-11-11 19:19:00,A/C/A/T/B/B/B/A/B/B/A/A/O/B/B/R/B/B/B/B/B/B/B/B/B/E,complete/complete/complete/complete/complete/complete/complete/complete/complete/complete/complete/complete/complete/complete/complete/complete/complete/complete/complete/complete/complete/complete/complete/complete/complete/complete
1059,ER Registration/IV Liquid/IV Antibiotics/LacticAcid/ER Triage/LacticAcid/ER Sepsis Triage/CRP/Leucocytes/IV Antibiotics/Admission NC/Admission NC/Leucocytes/CRP/IV Liquid/IV Liquid/Release A/Return ER,2014-10-12 00:00:00/2014-10-13 19:52:00/2014-10-14 00:56:00/2014-10-15 07:40:00/2014-10-16 15:29:00/2014-10-18 13:55:00/2014-10-20 01:15:00/2014-10-21 00:47:00/2014-10-21 09:33:00/2014-10-22 23:12:00/2014-10-24 18:53:00/2014-10-26 11:01:00/2014-10-26 23:27:00/2014-10-27 08:16:00/2014-10-28 13:49:00/2014-10-30 00:09:00/2014-10-30 03:56:00/2014-10-30 12:25:00,A/A/A/B/C/B/A/B/B/A/U/I/B/B/A/A/E/?,complete/complete/complete/complete/complete/complete/complete/complete/complete/complete/complete/complete/complete/complete/complete/complete/complete/?
1060,ER Registration/ER Triage/ER Sepsis Triage/IV Liquid/Leucocytes/CRP/IV Antibiotics/CRP/Admission NC/LacticAcid/IV Antibiotics/Admission NC/Admission NC/CRP/Leucocytes/Release A/Return ER,2014-07-17 00:00:00/2014-07-17 08:33:00/2014-07-19 03:14:00/2014-07-19 23:55:00/2014-07-21 17:52:00/2014-07-23 06:18:00/2014-07-23 12:41:00/2014-07-24 23:00:00/2014-07-26 18:46:00/2014-07-27 06:17:00/2014-07-28 22:42:00/2014-07-30 14:21:00/2014-07-31 00:53:00/2014-07-31 12:35:00/2014-08-02 09:34:00/2014-08-04 04:12:00/2014-08-05 21:31:00,A/C/A/A/B/B/A/B/M/B/A/Q/F/B/B/E/?,complete/complete/complete/complete/complete/complete/complete/complete/complete/complete/complete/complete/complete/complete/complete/complete/?
1061,ER Triage/Leucocytes/CRP/CRP/LacticAcid/Leucocytes/ER Registration/Admission IC/LacticAcid/Leucocytes/CRP/CRP/LacticAcid/Leucocytes/CRP/Leucocytes/LacticAcid/Leucocytes/LacticAcid/CRP/Leucocytes/CRP/LacticAcid/LacticAcid/CRP/Leucocytes/Admission NC/Leucocytes/CRP/Release A/Return ER,2014-06-27 00:00:00/2014-06-28 20:28:00/2014-06-29 10:52:00/2014-07-01 01:56:00/2014-07-02 06:23:00/2014-07-04 00:35:00/2014-07-05 20:13:00/2014-07-05 22:18:00/2014-07-07 08:18:00/2014-07-09 03:07:00/2014-07-10 16:22:00/2014-07-11 12:09:00/2014-07-13 07:59:00/2014-07-14 04:37:00/2014-07-15 13:36:00/2014-07-16 06:20:00/2014-07-18 05:06:00/2014-07-19 08:50:00/2014-07-20 05:09:00/2014-07-21 12:07:00/2014-07-21 17:06:00/2014-07-23 16:07:00/2014-07-23 20:13:00/2014-07-24 07:01:00/2014-07-25 13:02:00/2014-07-26 17:25:00/2014-07-28 02:29:00/2014-07-29 10:12:00/2014-07-30 00:08:00/2014-07-30 23:22:00/2014-08-01 16:47:00,C/B/B/B/B/B/A/P/B/B/B/B/B/B/B/B/B/B/B/B/B/B/B/B/B/B/H/B/B/E/?,complete/complete/complete/complete/complete/complete/complete/complete/complete/complete/complete/complete/complete/complete/complete/complete/complete/complete/complete/complete/complete/complete/complete/complete/complete/complete/complete/complete/complete/complete/?
1062,ER Registration/ER Triage/ER Sepsis Triage/IV Liquid/IV Liquid/Leucocytes/CRP/LacticAcid/IV Antibiotics/Admission NC/Leucocytes/IV Liquid/CRP/Release A/Leucocytes/Return ER,2014-10-03 00:00:00/2014-10-03 12:58:00/2014-10-03 23:51:00/2014-10-05 09:52:00/2014-10-06 21:01:00/2014-10-08 04:54:00/2014-10-09 14:57:00/2014-10-10 12:01:00/2014-10-11 21:59:00/2014-10-11 23:34:00/2014-10-12 05:43:00/2014-10-13 08:34:00/2014-10-14 19:05:00/2014-10-16 02:18:00/2014-10-16 18:45:00/2014-10-17 09:27:00,A/C/A/A/A/B/B/B/A/Q/B/A/B/E/B/?,complete/complete/complete/complete/complete/complete/complete/complete/complete/complete/complete/complete/complete/complete/complete/?
1063,ER Registration/LacticAcid/ER Triage/CRP/Leucocytes/LacticAcid/ER Sepsis Triage/IV Liquid/IV Antibiotics/Leucocytes/Admission NC/Leucocytes/Admission NC/Leucocytes/Leucocytes/CRP/Leucocytes/Leucocytes/Release A/IV Antibiotics/Return ER,2015-04-06 00:00:00/2015-04-07 00:59:00/2015-04-07 04:05:00/2015-04-08 07:26:00/2015-04-08 10:56:00/2015-04-10 01:52:00/2015-04-11 16:14:00/2015-04-12 05:32:00/2015-04-13 06:17:00/2015-04-14 20:04:00/2015-04-15 15:47:00/2015-04-15 20:49:00/2015-04-16 23:12:00/2015-04-18 09:38:00/2015-04-19 16:23:00/2015-04-21 05:56:00/2015-04-22 01:02:00/2015-04-23 19:35:00/2015-04-25 18:02:00/2015-04-27 11:45:00/2015-04-27 19:52:00,A/B/C/B/B/B/A/A/A/B/I/B/I/B/B/B/B/B/E/A/?,complete/complete/complete/complete/complete/complete/complete/complete/complete/complete/complete/complete/complete/complete/complete/complete/complete/complete/complete/complete/?
1064,ER Registration/ER Triage/ER Sepsis Triage/CRP/LacticAcid/Leucocytes/IV Liquid/Leucocytes/IV Antibiotics/Admission NC/Leucocytes/CRP/CRP/IV Antibiotics/Leucocytes/CRP/Leucocytes/IV Antibiotics/Leucocytes/CRP/CRP/Leucocytes/Leucocytes/CRP/CRP/Leucocytes/CRP/CRP/Release A,2013-03-24 00:00:00/2013-03-24 03:06:00/2013-03-24 05:46:00/2013-03-24 15:08:00/2013-03-25 13:53:00/2013-03-26 22:14:00/2013-03-28 09:42:00/2013-03-29 16:54:00/2013-03-30 03:05:00/2013-03-31 20:29:00/2013-04-02 07:41:00/2013-04-02 17:14:00/2013-04-03 15:38:00/2013-04-05 09:30:00/2013-04-06 07:15:00/2013-04-06 18:21:00/2013-04-07 21:11:00/2013-04-09 15:17:00/2013-04-10 11:43:00/2013-04-12 04:15:00/2013-04-13 03:13:00/2013-04-14 13:51:00/2013-04-16 00:39:00/2013-04-17 13:00:00/2013-04-18 22:27:00/2013-04-20 12:53:00/2013-04-21 09:21:00/2013-04-22 17:47:00/2013-04-22 18:56:00,A/C/A/B/B/B/A/B/A/F/B/B/B/A/B/B/B/A/B/B/B/B/B/B/B/B/B/B/E,complete/complete/complete/complete/complete/complete/complete/complete/complete/complete/complete/complete/complete/complete/complete/complete/complete/complete/complete/complete/complete/complete/complete/complete/complete/complete/complete/complete/complete
1065,ER Registration/ER Triage/LacticAcid/Leucocytes/CRP/ER Sepsis Triage/IV Liquid/IV Antibiotics/Admission NC/Admission NC/Leucocytes/CRP/Admission NC/Leucocytes/Leucocytes/CRP/Leucocytes/Leucocytes/CRP/IV Liquid/Release A/Return ER,2013-02-24 00:00:00/2013-02-25 16:45:00/2013-02-27 01:09:00/2013-02-27 19:17:00/2013-03-01 16:03:00/2013-03-03 07:33:00/2013-03-04 22:59:00/2013-03-05 14:32:00/2013-03-05 18:03:00/2013-03-07 09:54:00/2013-03-08 18:42:00/2013-03-09 06:21:00/2013-03-10 18:09:00/2013-03-12 13:06:00/2013-03-14 07:25:00/2013-03-15 09:23:00/2013-03-15 19:29:00/2013-03-17 17:58:00/2013-03-18 10:31:00/2013-03-18 12:41:00/2013-03-20 03:47:00/2013-03-22 03:37:00,A/C/B/B/B/A/A/A/F/I/B/B/N/B/B/B/B/B/B/A/E/?,complete/complete/complete/complete/complete/complete/complete/complete/complete/complete/complete/complete/complete/complete/complete/complete/complete/complete/complete/complete/complete/?
1066,ER Registration/ER Triage/ER Sepsis Triage/LacticAcid/CRP/Leucocytes/IV Liquid/Admission NC/Leucocytes/IV Antibiotics/Admission NC/Leucocytes/CRP/IV Antibiotics/Release A/IV Antibiotics/Return ER,2013-05-08 00:00:00/2013-05-08 09:26:00/2013-05-09 20:51:00/2013-05-10 11:01:00/2013-05-12 01:19:00/2013-05-12 23:31:00/2013-05-14 20:44:00/2013-05-16 05:24:00/2013-05-17 17:17:00/2013-05-18 19:01:00/2013-05-19 16:27:00/2013-05-20 04:17:00/2013-05-21 11:40:00/2013-05-23 00:04:00/2013-05-23 23:27:00/2013-05-25 12:45:00/2013-05-26 12:57:00,A/C/A/B/B/B/A/L/B/A/F/B/B/A/E/A/?,complete/complete/complete/complete/complete/complete/complete/complete/complete/complete/complete/complete/complete/complete/complete/complete/?
1067,ER Registration/ER Triage/ER Sepsis Triage/Admission NC/CRP/LacticAcid/Leucocytes/IV Liquid/IV Antibiotics/Admission NC/Leucocytes/CRP/CRP/Leucocytes/IV Liquid/CRP/Leucocytes/Leucocytes/CRP/CRP/Leucocytes/Leucocytes/CRP/CRP/IV Antibiotics/Leucocytes/CRP/CRP/Release A,2014-05-13 00:00:00/2014-05-13 06:58:00/2014-05-15 06:34:00/2014-05-16 03:10:00/2014-05-18 01:53:00/2014-05-19 18:53:00/2014-05-20 03:09:00/2014-05-21 17:48:00/2014-05-21 20:37:00/2014-05-22 20:20:00/2014-05-24 08:43:00/2014-05-25 13:58:00/2014-05-27 11:08:00/2014-05-28 12:26:00/2014-05-28 17:09:00/2014-05-30 03:42:00/2014-05-31 23:55:00/2014-06-01 23:13:00/2014-06-02 00:05:00/2014-06-03 04:46:00/2014-06-04 14:14:00/2014-06-04 21:27:00/2014-06-06 03:03:00/2014-06-07 03:47:00/2014-06-08 23:11:00/2014-06-10 06:35:00/2014-06-10 17:02:00/2014-06-11 22:46:00/2014-06-12 10:48:00,A/C/A/L/B/B/B/A/A/F/B/B/B/B/A/B/B/B/B/B/B/B/B/B/A/B/B/B/E,complete/complete/complete/complete/complete/complete/complete/complete/complete/complete/complete/complete/complete/complete/complete/complete/complete/complete/complete/complete/complete/complete/complete/complete/complete/complete/complete/complete/complete
1068,ER Registration/ER Triage/CRP/Leucocytes/LacticAcid/ER Sepsis Triage/IV Liquid/IV Antibiotics/Admission NC/Leucocytes/Leucocytes/Admission NC/Leucocytes/CRP/CRP/IV Liquid/Leucocytes/Leucocytes/IV Antibiotics/CRP/Release B,2013-06-27 00:00:00/2013-06-27 19:03:00/2013-06-29 01:50:00/2013-06-29 18:29:00/2013-07-01 02:13:00/2013-07-02 17:08:00/2013-07-04 10:48:00/2013-07-06 08:25:00/2013-07-07 10:18:00/2013-07-08 09:16:00/2013-07-08 11:14:00/2013-07-09 20:59:00/2013-07-10 19:11:00/2013-07-11 07:36:00/2013-07-12 16:54:00/2013-07-13 07:23:00/2013-07-14 07:37:00/2013-07-15 01:16:00/2013-07-16 00:31:00/2013-07-16 19:37:00/2013-07-18 12:19:00,A/C/B/B/B/A/A/A/F/B/B/N/B/B/B/A/B/B/A/B/E,complete/complete/complete/complete/complete/complete/complete/complete/complete/complete/complete/complete/complete/complete/complete/complete/complete/complete/complete/complete/complete
1069,ER Registration/ER Triage/ER Sepsis Triage/LacticAcid/CRP/Leucocytes/IV Liquid/IV Antibiotics/Admission NC/CRP/Leucocytes/Admission NC/Leucocytes/CRP/Leucocytes/CRP/Leucocytes/CRP/CRP/Leucocytes/Release A/Leucocytes/Return ER,2015-11-25 00:00:00/2015-11-25 13:03:00/2015-11-25 18:54:00/2015-11-26 11:23:00/2015-11-27 15:08:00/2015-11-29 00:30:00/2015-11-30 14:25:00/2015-12-01 06:50:00/2015-12-03 05:59:00/2015-12-04 14:30:00/2015-12-06 10:36:00/2015-12-07 20:07:00/2015-12-09 02:43:00/2015-12-09 03:54:00/2015-12-09 10:16:00/2015-12-10 06:22:00/2015-12-10 21:30:00/2015-12-12 01:07:00/2015-12-14 00:21:00/2015-12-14 16:58:00/2015-12-15 13:53:00/2015-12-16 20:00:00/2015-12-17 15:00:00,A/C/A/B/B/B/A/A/O/B/B/R/B/B/B/B/B/B/B/B/E/B/?,complete/complete/complete/complete/complete/complete/complete/complete/complete/complete/complete/complete/complete/complete/complete/complete/complete/complete/complete/complete/complete/complete/?
1070,ER Registration/ER Triage/ER Sepsis Triage/LacticAcid/Leucocytes/CRP/Admission NC/Admission NC/LacticAcid/Admission NC/CRP/Leucocytes/IV Antibiotics/CRP/Leucocytes/Leucocytes/CRP/Release A/Return ER,2014-04-18 00:00:00/2014-04-18 08:15:00/2014-04-18 21:24:00/2014-04-19 18:57:00/2014-04-20 03:07:00/2014-04-21 15:42:00/2014-04-23 14:49:00/2014-04-24 03:28:00/2014-04-24 16:33:00/2014-04-25 07:20:00/2014-04-26 16:24:00/2014-04-27 11:17:00/2014-04-29 03:32:00/2014-04-30 15:21:00/2014-05-02 08:06:00/2014-05-03 03:26:00/2014-05-03 10:18:00/2014-05-03 23:34:00/2014-05-04 19:48:00,A/C/A/B/B/B/P/T/B/T/B/B/A/B/B/B/B/E/?,complete/complete/complete/complete/complete/complete/complete/complete/complete/complete/complete/complete/complete/complete/complete/complete/complete/complete/?
1071,ER Registration/CRP/CRP/ER Triage/ER Sepsis Triage/LacticAcid/CRP/Leucocytes/Leucocytes/IV Liquid/IV Antibiotics/IV Antibiotics/Admission NC/Leucocytes/CRP/Leucocytes/CRP/Admission NC/Leucocytes/Release A/CRP/Return ER,2015-08-20 00:00:00/2015-08-21 08:41:00/2015-08-22 14:46:00/2015-08-23 14:02:00/2015-08-24 02:38:00/2015-08-24 06:09:00/2015-08-24 23:24:00/2015-08-26 08:01:00/2015-08-26 15:49:00/2015-08-26 20:17:00/2015-08-27 23:39:00/2015-08-29 09:14:00/2015-08-29 14:18:00/2015-08-31 05:42:00/2015-09-02 00:41:00/2015-09-03 23:33:00/2015-09-04 03:13:00/2015-09-04 13:35:00/2015-09-04 23:47:00/2015-09-06 14:13:00/2015-09-08 10:00:00/2015-09-10 08:00:00,A/B/B/C/A/B/B/B/B/A/A/A/I/B/B/B/B/J/B/E/B/?,complete/complete/complete/complete/complete/complete/complete/complete/complete/complete/complete/complete/complete/complete/complete/complete/complete/complete/complete/complete/complete/?
1072,ER Registration/ER Triage/ER Sepsis Triage/IV Liquid/Leucocytes/CRP/LacticAcid/IV Antibiotics/Admission NC/CRP/IV Liquid/Admission NC/CRP/Leucocytes/Release A/CRP/Return ER,2014-04-08 00:00:00/2014-04-09 11:41:00/2014-04-10 13:40:00/2014-04-11 20:26:00/2014-04-13 02:40:00/2014-04-13 22:58:00/2014-04-15 15:09:00/2014-04-16 20:26:00/2014-04-17 17:17:00/2014-04-19 08:07:00/2014-04-21 02:31:00/2014-04-21 06:38:00/2014-04-23 00:16:00/2014-04-23 07:03:00/2014-04-23 21:15:00/2014-04-25 14:00:00/2014-04-27 10:00:00,A/C/A/A/B/B/B/A/Q/B/A/F/B/B/E/B/?,complete/complete/complete/complete/complete/complete/complete/complete/complete/complete/complete/complete/complete/complete/complete/complete/?
1073,ER Registration/ER Triage/ER Sepsis Triage/Leucocytes/CRP/Admission NC/Leucocytes/CRP/Leucocytes/CRP/Leucocytes/CRP/Leucocytes/Leucocytes/CRP/CRP/Leucocytes/Release A/CRP/Return ER,2013-06-03 00:00:00/2013-06-03 10:42:00/2013-06-03 10:53:00/2013-06-04 14:47:00/2013-06-05 21:33:00/2013-06-07 20:37:00/2013-06-09 13:10:00/2013-06-10 21:15:00/2013-06-11 17:08:00/2013-06-11 19:22:00/2013-06-12 11:11:00/2013-06-13 06:52:00/2013-06-14 02:11:00/2013-06-16 02:11:00/2013-06-17 09:11:00/2013-06-17 14:03:00/2013-06-19 12:59:00/2013-06-20 04:56:00/2013-06-21 16:00:00/2013-06-22 08:00:00,A/C/A/B/B/D/B/B/B/B/B/B/B/B/B/B/B/E/B/?,complete/complete/complete/complete/complete/complete/complete/complete/complete/complete/complete/complete/complete/complete/complete/complete/complete/complete/complete/?
1075,ER Registration/ER Triage/ER Sepsis Triage/LacticAcid/CRP/Leucocytes/IV Liquid/IV Antibiotics/Admission NC/CRP/Leucocytes/Admission NC/Leucocytes/CRP/Leucocytes/CRP/Leucocytes/CRP/CRP/Leucocytes/Release A/CRP,2015-04-14 00:00:00/2015-04-15 10:00:00/2015-04-16 08:00:00/2015-04-17 12:00:00/2015-04-18 14:00:00/2015-04-19 16:00:00/2015-04-20 18:00:00/2015-04-21 20:00:00/2015-04-22 22:00:00/2015-04-23 09:00:00/2015-04-24 11:00:00/2015-04-25 13:00:00/2015-04-26 15:00:00/2015-04-27 17:00:00/2015-04-28 19:00:00/2015-04-29 21:00:00/2015-04-30 23:00:00/2015-05-01 01:00:00/2015-05-02 03:00:00/2015-05-03 05:00:00/2015-05-04 07:00:00/2015-05-05 09:00:00,A/C/A/B/B/B/A/A/O/B/B/R/B/B/B/B/B/B/B/B/E/B,complete/complete/complete/complete/complete/complete/complete/complete/complete/complete/complete/complete/complete/complete/complete/complete/complete/complete/complete/complete/complete/complete
1076,ER Registration/ER Triage/ER Sepsis Triage/LacticAcid/CRP/Leucocytes/IV Liquid/IV Antibiotics/Admission NC/CRP/Leucocytes/Admission NC/Leucocytes/CRP/Leucocytes/CRP/Leucocytes/CRP/CRP/Leucocytes/Release A,2015-11-25 00:00:00/2015-11-25 13:03:00/2015-11-25 18:54:00/2015-11-26 11:23:00/2015-11-27 15:08:00/2015-11-29 00:30:00/2015-11-30 14:25:00/2015-12-01 06:50:00/2015-12-03 05:59:00/2015-12-04 14:30:00/2015-12-06 10:36:00/2015-12-07 20:07:00/2015-12-09 02:43:00/2015-12-09 03:54:00/2015-12-09 10:16:00/2015-12-10 06:22:00/2015-12-10 21:30:00/2015-12-12 01:07:00/2015-12-14 00:21:00/2015-12-14 16:58:00/2015-12-15 13:53:00,A/C/A/B/B/B/A/A/O/B/B/R/B/B/B/B/B/B/B/B/E,complete/complete/complete/complete/complete/complete/complete/complete/complete/complete/complete/complete/complete/complete/complete/complete/complete/complete/complete/complete/complete
1078,ER Registration/ER Triage/ER Sepsis Triage/CRP/LacticAcid/Leucocytes/IV Liquid/IV Antibiotics/Admission NC/CRP/Leucocytes/Admission NC/Release A/Return ER,2014-08-25 00:00:00/2014-08-25 21:56:00/2014-08-26 04:57:00/2014-08-26 10:25:00/2014-08-27 08:49:00/2014-08-29 05:57:00/2014-08-30 02:08:00/2014-08-30 23:04:00/2014-09-01 05:31:00/2014-09-02 22:40:00/2014-09-04 03:46:00/2014-09-04 15:09:00/2014-09-06 14:15:00/2014-09-07 20:34:00,A/C/A/B/B/B/A/A/G/B/B/O/E/?,complete/complete/complete/complete/complete/complete/complete/complete/complete/complete/complete/complete/complete/?
1079,ER Registration/ER Triage/ER Sepsis Triage/IV Liquid/Leucocytes/CRP/LacticAcid/IV Antibiotics/Admission NC/CRP/IV Liquid/Admission NC/CRP/Leucocytes/Release A/CRP/Return ER,2014-04-08 00:00:00/2014-04-09 11:41:00/2014-04-10 13:40:00/2014-04-11 20:26:00/2014-04-13 02:40:00/2014-04-13 22:58:00/2014-04-15 15:09:00/2014-04-16 20:26:00/2014-04-17 17:17:00/2014-04-19 08:07:00/2014-04-21 02:31:00/2014-04-21 06:38:00/2014-04-23 00:16:00/2014-04-23 07:03:00/2014-04-23 21:15:00/2014-04-25 14:00:00/2014-04-27 10:00:00,A/C/A/A/B/B/B/A/Q/B/A/F/B/B/E/B/?,complete/complete/complete/complete/complete/complete/complete/complete/complete/complete/complete/complete/complete/complete/complete/complete/?
1080,ER Registration/ER Triage/ER Sepsis Triage/Leucocytes/CRP/Admission NC/Leucocytes/CRP/Leucocytes/CRP/Leucocytes/CRP/Leucocytes/Leucocytes/CRP/CRP/Leucocytes/Release A/CRP/Return ER,2013-06-03 00:00:00/2013-06-03 10:42:00/2013-06-03 10:53:00/2013-06-04 14:47:00/2013-06-05 21:33:00/2013-06-07 20:37:00/2013-06-09 13:10:00/2013-06-10 21:15:00/2013-06-11 17:08:00/2013-06-11 19:22:00/2013-06-12 11:11:00/2013-06-13 06:52:00/2013-06-14 02:11:00/2013-06-16 02:11:00/2013-06-17 09:11:00/2013-06-17 14:03:00/2013-06-19 12:59:00/2013-06-20 04:56:00/2013-06-21 16:00:00/2013-06-22 08:00:00,A/C/A/B/B/D/B/B/B/B/B/B/B/B/B/B/B/E/B/?,complete/complete/complete/complete/complete/complete/complete/complete/complete/complete/complete/complete/complete/complete/complete/complete/complete/complete/complete/?
1081,ER Registration/ER Triage/ER Sepsis Triage/CRP/LacticAcid/Leucocytes/IV Liquid/IV Antibiotics/Admission NC/CRP/Leucocytes/Admission NC/Leucocytes/CRP/Leucocytes/CRP/Leucocytes/CRP/CRP/Leucocytes/Release A/CRP,2015-04-14 00:00:00/2015-04-15 10:00:00/2015-04-16 08:00:00/2015-04-17 12:00:00/2015-04-18 14:00:00/2015-04-19 16:00:00/2015-04-20 18:00:00/2015-04-21 20:00:00/2015-04-22 22:00:00/2015-04-23 09:00:00/2015-04-24 11:00:00/2015-04-25 13:00:00/2015-04-26 15:00:00/2015-04-27 17:00:00/2015-04-28 19:00:00/2015-04-29 21:00:00/2015-04-30 23:00:00/2015-05-01 01:00:00/2015-05-02 03:00:00/2015-05-03 05:00:00/2015-05-04 07:00:00/2015-05-05 09:00:00,A/C/A/B/B/B/A/A/O/B/B/R/B/B/B/B/B/B/B/B/E/B,complete/complete/complete/complete/complete/complete/complete/complete/complete/complete/complete/complete/complete/complete/complete/complete/complete/complete/complete/complete/complete/complete
1082,ER Registration/ER Triage/ER Sepsis Triage/LacticAcid/CRP/Leucocytes/IV Liquid/IV Antibiotics/Admission NC/CRP/Leucocytes/Admission NC/Leucocytes/CRP/Leucocytes/CRP/Leucocytes/CRP/CRP/Leucocytes/Release A,2015-11-25 00:00:00/2015-11-25 13:03:00/2015-11-25 18:54:00/2015-11-26 11:23:00/2015-11-27 15:08:00/2015-11-29 00:30:00/2015-11-30 14:25:00/2015-12-01 06:50:00/2015-12-03 05:59:00/2015-12-04 14:30:00/2015-12-06 10:36:00/2015-12-07 20:07:00/2015-12-09 02:43:00/2015-12-09 03:54:00/2015-12-09 10:16:00/2015-12-10 06:22:00/2015-12-10 21:30:00/2015-12-12 01:07:00/2015-12-14 00:21:00/2015-12-14 16:58:00/2015-12-15 13:53:00,A/C/A/B/B/B/A/A/O/B/B/R/B/B/B/B/B/B/B/B/E,complete/complete/complete/complete/complete/complete/complete/complete/complete/complete/complete/complete/complete/complete/complete/complete/complete/complete/complete/complete/complete
1085,ER Registration/ER Triage/ER Sepsis Triage/LacticAcid/CRP/Leucocytes/IV Liquid/IV Antibiotics/Admission NC/CRP/Leucocytes/Admission NC/Leucocytes/CRP/Leucocytes/CRP/Leucocytes/CRP/CRP/Leucocytes/Release A/CRP,2015-04-14 00:00:00/2015-04-15 10:00:00/2015-04-16 08:00:00/2015-04-17 12:00:00/2015-04-18 14:00:00/2015-04-19 16:00:00/2015-04-20 18:00:00/2015-04-21 20:00:00/2015-04-22 22:00:00/2015-04-23 09:00:00/2015-04-24 11:00:00/2015-04-25 13:00:00/2015-04-26 15:00:00/2015-04-27 17:00:00/2015-04-28 19:00:00/2015-04-29 21:00:00/2015-04-30 23:00:00/2015-05-01 01:00:00/2015-05-02 03:00:00/2015-05-03 05:00:00/2015-05-04 07:00:00/2015-05-05 09:00:00,A/C/A/B/B/B/A/A/O/B/B/R/B/B/B/B/B/B/B/B/E/B,complete/complete/complete/complete/complete/complete/complete/complete/complete/complete/complete/complete/complete/complete/complete/complete/complete/complete/complete/complete/complete/complete
1086,ER Registration/ER Triage/ER Sepsis Triage/LacticAcid/CRP/Leucocytes/IV Liquid/IV Antibiotics/Admission NC/CRP/Leucocytes/Admission NC/Leucocytes/CRP/Leucocytes/CRP/Leucocytes/CRP/CRP/Leucocytes/Release A,2015-11-25 00:00:00/2015-11-25 13:03:00/2015-11-25 18:54:00/2015-11-26 11:23:00/2015-11-27 15:08:00/2015-11-29 00:30:00/2015-11-30 14:25:00/2015-12-01 06:50:00/2015-12-03 05:59:00/2015-12-04 14:30:00/2015-12-06 10:36:00/2015-12-07 20:07:00/2015-12-09 02:43:00/2015-12-09 03:54:00/2015-12-09 10:16:00/2015-12-10 06:22:00/2015-12-10 21:30:00/2015-12-12 01:07:00/2015-12-14 00:21:00/2015-12-14 16:58:00/2015-12-15 13:53:00,A/C/A/B/B/B/A/A/O/B/B/R/B/B/B/B/B/B/B/B/E,complete/complete/complete/complete/complete/complete/complete/complete/complete/complete/complete/complete/complete/complete/complete/complete/complete/complete/complete/complete/complete
1088,ER Registration/ER Triage/ER Sepsis Triage/CRP/LacticAcid/Leucocytes/IV Liquid/IV Antibiotics/Admission NC/CRP/Leucocytes/Admission NC/Release A/Return ER,2014-08-25 00:00:00/2014-08-25 21:56:00/2014-08-26 04:57:00/2014-08-26 10:25:00/2014-08-27 08:49:00/2014-08-29 05:57:00/2014-08-30 02:08:00/2014-08-30 23:04:00/2014-09-01 05:31:00/2014-09-02 22:40:00/2014-09-04 03:46:00/2014-09-04 15:09:00/2014-09-06 14:15:00/2014-09-07 20:34:00,A/C/A/B/B/B/A/A/G/B/B/O/E/?,complete/complete/complete/complete/complete/complete/complete/complete/complete/complete/complete/complete/complete/?
1090,ER Registration/ER Triage/ER Sepsis Triage/LacticAcid/CRP/Leucocytes/IV Liquid/IV Antibiotics/Admission NC/CRP/Leucocytes/Admission NC/Leucocytes/CRP/Leucocytes/CRP/Leucocytes/CRP/CRP/Leucocytes/Release A/CRP,2015-04-14 00:00:00/2015-04-15 10:00:00/2015-04-16 08:00:00/2015-04-17 12:00:00/2015-04-18 14:00:00/2015-04-19 16:00:00/2015-04-20 18:00:00/2015-04-21 20:00:00/2015-04-22 22:00:00/2015-04-23 09:00:00/2015-04-24 11:00:00/2015-04-25 13:00:00/2015-04-26 15:00:00/2015-04-27 17:00:00/2015-04-28 19:00:00/2015-04-29 21:00:00/2015-04-30 23:00:00/2015-05-01 01:00:00/2015-05-02 03:00:00/2015-05-03 05:00:00/2015-05-04 07:00:00/2015-05-05 09:00:00,A/C/A/B/B/B/A/A/O/B/B/R/B/B/B/B/B/B/B/B/E/B,complete/complete/complete/complete/complete/complete/complete/complete/complete/complete/complete/complete/complete/complete/complete/complete/complete/complete/complete/complete/complete/complete
1091,ER Registration/ER Triage/ER Sepsis Triage/LacticAcid/CRP/Leucocytes/IV Liquid/IV Antibiotics/Admission NC/CRP/Leucocytes/Admission NC/Leucocytes/CRP/Leucocytes/CRP/Leucocytes/CRP/CRP/Leucocytes/Release A,2015-11-25 00:00:00/2015-11-25 13:03:00/2015-11-25 18:54:00/2015-11-26 11:23:00/2015-11-27 15:08:00/2015-11-29 00:30:00/2015-11-30 14:25:00/2015-12-01 06:50:00/2015-12-03 05:59:00/2015-12-04 14:30:00/2015-12-06 10:36:00/2015-12-07 20:07:00/2015-12-09 02:43:00/2015-12-09 03:54:00/2015-12-09 10:16:00/2015-12-10 06:22:00/2015-12-10 21:30:00/2015-12-12 01:07:00/2015-12-14 00:21:00/2015-12-14 16:58:00/2015-12-15 13:53:00,A/C/A/B/B/B/A/A/O/B/B/R/B/B/B/B/B/B/B/B/E,complete/complete/complete/complete/complete/complete/complete/complete/complete/complete/complete/complete/complete/complete/complete/complete/complete/complete/complete/complete/complete
1093,ER Registration/ER Triage/ER Sepsis Triage/CRP/LacticAcid/Leucocytes/IV Liquid/IV Antibiotics/Admission NC/CRP/Leucocytes/Admission NC/Release A/Return ER,2014-08-25 00:00:00/2014-08-25 21:56:00/2014-08-26 04:57:00/2014-08-26 10:25:00/2014-08-27 08:49:00/2014-08-29 05:57:00/2014-08-30 02:08:00/2014-08-30 23:04:00/2014-09-01 05:31:00/2014-09-02 22:40:00/2014-09-04 03:46:00/2014-09-04 15:09:00/2014-09-06 14:15:00/2014-09-07 20:34:00,A/C/A/B/B/B/A/A/G/B/B/O/E/?,complete/complete/complete/complete/complete/complete/complete/complete/complete/complete/complete/complete/complete/?
1095,ER Registration/ER Triage/ER Sepsis Triage/LacticAcid/CRP/Leucocytes/IV Liquid/IV Antibiotics/Admission NC/CRP/Leucocytes/Admission NC/Leucocytes/CRP/Leucocytes/CRP/Leucocytes/CRP/CRP/Leucocytes/Release A/CRP,2015-04-14 00:00:00/2015-04-15 10:00:00/2015-04-16 08:00:00/2015-04-17 12:00:00/2015-04-18 14:00:00/2015-04-19 16:00:00/2015-04-20 18:00:00/2015-04-21 20:00:00/2015-04-22 22:00:00/2015-04-23 09:00:00/2015-04-24 11:00:00/2015-04-25 13:00:00/2015-04-26 15:00:00/2015-04-27 17:00:00/2015-04-28 19:00:00/2015-04-29 21:00:00/2015-04-30 23:00:00/2015-05-01 01:00:00/2015-05-02 03:00:00/2015-05-03 05:00:00/2015-05-04 07:00:00/2015-05-05 09:00:00,A/C/A/B/B/B/A/A/O/B/B/R/B/B/B/B/B/B/B/B/E/B,complete/complete/complete/complete/complete/complete/complete/complete/complete/complete/complete/complete/complete/complete/complete/complete/complete/complete/complete/complete/complete/complete
1096,ER Registration/ER Triage/ER Sepsis Triage/LacticAcid/CRP/Leucocytes/IV Liquid/IV Antibiotics/Admission NC/CRP/Leucocytes/Admission NC/Leucocytes/CRP/Leucocytes/CRP/Leucocytes/CRP/CRP/Leucocytes/Release A,2015-11-25 00:00:00/2015-11-25 13:03:00/2015-11-25 18:54:00/2015-11-26 11:23:00/2015-11-27 15:08:00/2015-11-29 00:30:00/2015-11-30 14:25:00/2015-12-01 06:50:00/2015-12-03 05:59:00/2015-12-04 14:30:00/2015-12-06 10:36:00/2015-12-07 20:07:00/2015-12-09 02:43:00/2015-12-09 03:54:00/2015-12-09 10:16:00/2015-12-10 06:22:00/2015-12-10 21:30:00/2015-12-12 01:07:00/2015-12-14 00:21:00/2015-12-14 16:58:00/2015-12-15 13:53:00,A/C/A/B/B/B/A/A/O/B/B/R/B/B/B/B/B/B/B/B/E,complete/complete/complete/complete/complete/complete/complete/complete/complete/complete/complete/complete/complete/complete/complete/complete/complete/complete/complete/complete/complete
1098,ER Registration/ER Triage/ER Sepsis Triage/CRP/LacticAcid/Leucocytes/IV Liquid/IV Antibiotics/Admission NC/CRP/Leucocytes/Admission NC/Release A/Return ER,2014-08-25 00:00:00/2014-08-25 21:56:00/2014-08-26 04:57:00/2014-08-26 10:25:00/2014-08-27 08:49:00/2014-08-29 05:57:00/2014-08-30 02:08:00/2014-08-30 23:04:00/2014-09-01 05:31:00/2014-09-02 22:40:00/2014-09-04 03:46:00/2014-09-04 15:09:00/2014-09-06 14:15:00/2014-09-07 20:34:00,A/C/A/B/B/B/A/A/G/B/B/O/E/?,complete/complete/complete/complete/complete/complete/complete/complete/complete/complete/complete/complete/complete/?
1100,ER Registration/ER Triage/ER Sepsis Triage/LacticAcid/CRP/Leucocytes/IV Liquid/IV Antibiotics/Admission NC/CRP/Leucocytes/Admission NC/Leucocytes/CRP/Leucocytes/CRP/Leucocytes/CRP/CRP/Leucocytes/Release A/CRP,2015-04-14 00:00:00/2015-04-15 10:00:00/2015-04-16 08:00:00/2015-04-17 12:00:00/2015-04-18 14:00:00/2015-04-19 16:00:00/2015-04-20 18:00:00/2015-04-21 20:00:00/2015-04-22 22:00:00/2015-04-23 09:00:00/2015-04-24 11:00:00/2015-04-25 13:00:00/2015-04-26 15:00:00/2015-04-27 17:00:00/2015-04-28 19:00:00/2015-04-29 21:00:00/2015-04-30 23:00:00/2015-05-01 01:00:00/2015-05-02 03:00:00/2015-05-03 05:00:00/2015-05-04 07:00:00/2015-05-05 09:00:00,A/C/A/B/B/B/A/A/O/B/B/R/B/B/B/B/B/B/B/B/E/B,complete/complete/complete/complete/complete/complete/complete/complete/complete/complete/complete/complete/complete/complete/complete/complete/complete/complete/complete/complete/complete/complete
